{"project_info":{"project_id":"***************","project_number":"**************","name":"DemoApp"},"client":[{"client_info":{"mobilesdk_app_id":"****************************","client_id":"android:num.app.gpluslogin","client_type":1,"android_client_info":{"package_name":"num.app.gpluslogin"}},"oauth_client":[{"client_id":"**********************************************************","client_type":1,"android_info":{"package_name":"num.app.gpluslogin","certificate_hash":"**********************"}}],"api_key":[],"services":{"analytics_service":{"status":1},"cloud_messaging_service":{"status":1,"apns_config":[]},"appinvite_service":{"status":1,"other_platform_oauth_client":[]},"google_signin_service":{"status":2},"ads_service":{"status":1}}}],"client_info":[],"ARTIFACT_VERSION":"1"}
